"","Description","N","DE","P.DE","FDR"
"hsa00010","Glycolysis / Gluconeogenesis",64,62,0.469021855694485,0.709252562269709
"hsa00020","Citrate cycle (TCA cycle)",28,28,0.298074673485502,0.556146507556111
"hsa00030","Pentose phosphate pathway",26,26,0.323425779038492,0.571808517399371
"hsa00040","Pentose and glucuronate interconversions",35,32,0.915790150319966,0.984919589961158
"hsa00051","Fructose and mannose metabolism",35,34,0.551169035444862,0.763754221074631
"hsa00052","Galactose metabolism",30,30,0.270908587035806,0.530410496722737
"hsa00053","Ascorbate and aldarate metabolism",28,25,0.954774041231966,0.98999006044238
"hsa00061","Fatty acid biosynthesis",17,16,0.839475811219767,0.946857203549759
"hsa00062","Fatty acid elongation",28,27,0.659731448613569,0.843552642916687
"hsa00071","Fatty acid degradation",42,41,0.44619108346997,0.697407911978273
"hsa00100","Steroid biosynthesis",18,18,0.459370636616407,0.70613998686489
"hsa00120","Primary bile acid biosynthesis",17,15,0.963063150905897,0.98999006044238
"hsa00130","Ubiquinone and other terpenoid-quinone biosynthesis",12,12,0.5940726773473,0.794946172565452
"hsa00140","Steroid hormone biosynthesis",61,56,0.928781903123809,0.987162479891592
"hsa00190","Oxidative phosphorylation",118,110,0.928438739970846,0.987162479891592
"hsa00220","Arginine biosynthesis",21,20,0.780806936116693,0.927748845341718
"hsa00230","Purine metabolism",124,122,0.10023476065171,0.318695136431077
"hsa00232","Caffeine metabolism",5,5,0.77540089664787,0.927748845341718
"hsa00240","Pyrimidine metabolism",57,54,0.772897452119466,0.927748845341718
"hsa00250","Alanine, aspartate and glutamate metabolism",36,36,0.214277542409947,0.473030108674498
"hsa00260","Glycine, serine and threonine metabolism",35,34,0.546879138889687,0.761943968790126
"hsa00270","Cysteine and methionine metabolism",51,50,0.347416288342788,0.595570780016208
"hsa00280","Valine, leucine and isoleucine degradation",46,43,0.864845620914676,0.962167967317821
"hsa00290","Valine, leucine and isoleucine biosynthesis",4,4,0.838141441588955,0.946857203549759
"hsa00310","Lysine degradation",62,61,0.26313804690323,0.517922505015882
"hsa00330","Arginine and proline metabolism",44,39,0.989702610847319,0.999999403789894
"hsa00340","Histidine metabolism",20,20,0.424082836924521,0.682938594527799
"hsa00350","Tyrosine metabolism",35,33,0.795310409390813,0.935430912302803
"hsa00360","Phenylalanine metabolism",14,14,0.546156546517911,0.761943968790126
"hsa00380","Tryptophan metabolism",39,39,0.17493685833902,0.438828810526639
"hsa00400","Phenylalanine, tyrosine and tryptophan biosynthesis",6,6,0.767956804803831,0.927748845341718
"hsa00410","beta-Alanine metabolism",31,29,0.858745532979617,0.962167967317821
"hsa00430","Taurine and hypotaurine metabolism",16,16,0.485006055097111,0.721689009984501
"hsa00440","Phosphonate and phosphinate metabolism",5,5,0.811564597273516,0.939208917296315
"hsa00450","Selenocompound metabolism",17,17,0.478939115232935,0.71739585298794
"hsa00470","D-Amino acid metabolism",6,6,0.765951903211155,0.927748845341718
"hsa00480","Glutathione metabolism",51,50,0.324059114873131,0.571808517399371
"hsa00500","Starch and sucrose metabolism",31,31,0.250660291655431,0.502075847968169
"hsa00510","N-Glycan biosynthesis",53,47,0.99321653229747,0.999999403789894
"hsa00511","Other glycan degradation",18,18,0.467841755759892,0.709252562269709
"hsa00512","Mucin type O-glycan biosynthesis",35,35,0.212995981867249,0.473030108674498
"hsa00513","Various types of N-glycan biosynthesis",42,39,0.902055824946315,0.984919589961158
"hsa00514","Other types of O-glycan biosynthesis",47,47,0.128058781666796,0.363647838015633
"hsa00515","Mannose type O-glycan biosynthesis",23,23,0.370880971186775,0.618689333100809
"hsa00520","Amino sugar and nucleotide sugar metabolism",37,37,0.206998315469407,0.472966042484512
"hsa00524","Neomycin, kanamycin and gentamicin biosynthesis",5,5,0.812971159595198,0.939208917296315
"hsa00531","Glycosaminoglycan degradation",18,17,0.82295668063732,0.941968877529487
"hsa00532","Glycosaminoglycan biosynthesis - chondroitin sulfate / dermatan sulfate",20,20,0.42832430976439,0.683010660175013
"hsa00533","Glycosaminoglycan biosynthesis - keratan sulfate",14,14,0.553822370905759,0.763754221074631
"hsa00534","Glycosaminoglycan biosynthesis - heparan sulfate / heparin",23,22,0.747227727118119,0.914370771341908
"hsa00541","Biosynthesis of various nucleotide sugars",19,18,0.812432069085259,0.939208917296315
"hsa00561","Glycerolipid metabolism",61,59,0.508636549566024,0.74708295175348
"hsa00562","Inositol phosphate metabolism",74,72,0.403065438140131,0.657633083281267
"hsa00563","Glycosylphosphatidylinositol (GPI)-anchor biosynthesis",29,28,0.647103837410151,0.841516513886555
"hsa00564","Glycerophospholipid metabolism",99,97,0.204355089728257,0.472966042484512
"hsa00565","Ether lipid metabolism",50,50,0.109784992026867,0.337520801933839
"hsa00590","Arachidonic acid metabolism",61,61,0.0616968311748133,0.249469795619897
"hsa00591","Linoleic acid metabolism",29,29,0.254052515481925,0.502699658294022
"hsa00592","alpha-Linolenic acid metabolism",25,25,0.32401964714525,0.571808517399371
"hsa00600","Sphingolipid metabolism",54,52,0.588251459515281,0.792860662824944
"hsa00601","Glycosphingolipid biosynthesis - lacto and neolacto series",28,28,0.300498516179511,0.556146507556111
"hsa00603","Glycosphingolipid biosynthesis - globo and isoglobo series",15,15,0.528973911418061,0.756288219100304
"hsa00604","Glycosphingolipid biosynthesis - ganglio series",15,15,0.537566079122149,0.760359625222204
"hsa00620","Pyruvate metabolism",47,45,0.658951274088249,0.843552642916687
"hsa00630","Glyoxylate and dicarboxylate metabolism",31,31,0.252818703922415,0.502699658294022
"hsa00640","Propanoate metabolism",32,29,0.95018117324627,0.98999006044238
"hsa00650","Butanoate metabolism",24,24,0.341773132481255,0.591347001316403
"hsa00660","C5-Branched dibasic acid metabolism",2,2,0.911048678838419,0.984919589961158
"hsa00670","One carbon pool by folate",37,37,0.198587694169015,0.472966042484512
"hsa00730","Thiamine metabolism",15,15,0.528040955608155,0.756288219100304
"hsa00740","Riboflavin metabolism",8,8,0.710681150460346,0.884191933014209
"hsa00750","Vitamin B6 metabolism",6,6,0.768904826690829,0.927748845341718
"hsa00760","Nicotinate and nicotinamide metabolism",38,36,0.783099831820698,0.927748845341718
"hsa00770","Pantothenate and CoA biosynthesis",21,21,0.407243673256413,0.65867237587559
"hsa00780","Biotin metabolism",3,3,0.881639172412472,0.970324769637396
"hsa00785","Lipoic acid metabolism",18,16,0.957583093450319,0.98999006044238
"hsa00790","Folate biosynthesis",28,27,0.642230739094557,0.84128644147497
"hsa00830","Retinol metabolism",64,59,0.913258595818488,0.984919589961158
"hsa00860","Porphyrin metabolism",41,37,0.959606272369713,0.98999006044238
"hsa00900","Terpenoid backbone biosynthesis",23,23,0.365977067388327,0.616033796689853
"hsa00910","Nitrogen metabolism",15,14,0.860288319449601,0.962167967317821
"hsa00920","Sulfur metabolism",10,10,0.651496655912171,0.841516513886555
"hsa00970","Aminoacyl-tRNA biosynthesis",44,40,0.963377424408983,0.98999006044238
"hsa00980","Metabolism of xenobiotics by cytochrome P450",66,62,0.78013493828367,0.927748845341718
"hsa00982","Drug metabolism - cytochrome P450",61,57,0.811463786839479,0.939208917296315
"hsa00983","Drug metabolism - other enzymes",72,66,0.949005335345821,0.98999006044238
"hsa01040","Biosynthesis of unsaturated fatty acids",27,26,0.678749009707791,0.858640560797077
"hsa01100","Metabolic pathways",1493,1444,0.0233833714093623,0.143663894456339
"hsa01200","Carbon metabolism",106,104,0.162729207617565,0.417484587818857
"hsa01210","2-Oxocarboxylic acid metabolism",31,30,0.617901334180614,0.82092605826853
"hsa01212","Fatty acid metabolism",56,54,0.578080983364931,0.787714746563202
"hsa01230","Biosynthesis of amino acids",66,64,0.46648808648801,0.709252562269709
"hsa01232","Nucleotide metabolism",82,79,0.537028147821735,0.760359625222204
"hsa01240","Biosynthesis of cofactors",149,142,0.678306045815146,0.858640560797077
"hsa01250","Biosynthesis of nucleotide sugars",37,36,0.54077254171603,0.761121716591901
"hsa01320","Sulfur cycle",2,2,0.918182808034559,0.984919589961158
"hsa01521","EGFR tyrosine kinase inhibitor resistance",79,79,0.0367586942195002,0.187318277392522
"hsa01522","Endocrine resistance",96,96,0.0178181121662701,0.127725721353228
"hsa01523","Antifolate resistance",29,29,0.281668806614159,0.537337415694703
"hsa01524","Platinum drug resistance",68,66,0.441252412173484,0.692598722905216
"hsa02010","ABC transporters",43,43,0.154991316523308,0.408600039221366
"hsa03008","Ribosome biogenesis in eukaryotes",78,72,0.940720207477585,0.98999006044238
"hsa03010","Ribosome",171,148,0.999999403789894,0.999999403789894
"hsa03013","Nucleocytoplasmic transport",101,95,0.862318176334615,0.962167967317821
"hsa03015","mRNA surveillance pathway",85,81,0.715814117595789,0.887609505818778
"hsa03018","RNA degradation",75,71,0.788035207144104,0.930632054151133
"hsa03020","RNA polymerase",32,29,0.949778785403199,0.98999006044238
"hsa03022","Basal transcription factors",39,36,0.916171106094636,0.984919589961158
"hsa03030","DNA replication",34,34,0.233325637263915,0.485720797995541
"hsa03040","Spliceosome",157,140,0.999802481492941,0.999999403789894
"hsa03050","Proteasome",46,40,0.997087021798145,0.999999403789894
"hsa03060","Protein export",30,26,0.991653261017246,0.999999403789894
"hsa03082","ATP-dependent chromatin remodeling",108,103,0.68931805288575,0.866305120518578
"hsa03083","Polycomb repressive complex",75,74,0.180391553293479,0.443613514553549
"hsa03250","Viral life cycle - HIV-1",63,60,0.718956143535864,0.888543805300137
"hsa03260","Virion - Human immunodeficiency virus",5,5,0.7971872013303,0.935430912302803
"hsa03264","Virion - Flavivirus and Alphavirus",6,6,0.770347310691042,0.927748845341718
"hsa03265","Virion - Ebolavirus, Lyssavirus and Morbillivirus",11,10,0.921376390608825,0.984919589961158
"hsa03266","Virion - Herpesvirus",9,9,0.674316096539089,0.858640560797077
"hsa03267","Virion - Adenovirus",4,3,0.987713732826183,0.999999403789894
"hsa03271","Virion - Rotavirus",2,2,0.920349258511922,0.984919589961158
"hsa03272","Virion - Hepatitis viruses",45,44,0.431471788013785,0.683010660175013
"hsa03273","Virion - Lassa virus and SFTS virus",14,14,0.558007370325267,0.765973216830256
"hsa03320","PPAR signaling pathway",73,72,0.175767453678681,0.438828810526639
"hsa03410","Base excision repair",44,40,0.963088756226442,0.98999006044238
"hsa03420","Nucleotide excision repair",56,51,0.968947587264434,0.992971081163553
"hsa03430","Mismatch repair",22,22,0.391465274308747,0.64152018521081
"hsa03440","Homologous recombination",39,38,0.512113313701982,0.74708295175348
"hsa03450","Non-homologous end-joining",13,13,0.569872060673207,0.779383847685416
"hsa03460","Fanconi anemia pathway",50,48,0.651188232389988,0.841516513886555
"hsa04010","MAPK signaling pathway",288,285,0.001589445915399,0.0369546175330268
"hsa04012","ErbB signaling pathway",83,82,0.138588968097823,0.37720842316708
"hsa04014","Ras signaling pathway",228,228,5.75620290000541e-05,0.00408273883716565
"hsa04015","Rap1 signaling pathway",208,207,0.00133696857152793,0.0331568205738928
"hsa04020","Calcium signaling pathway",241,240,0.000367180361607145,0.0113825912098215
"hsa04022","cGMP-PKG signaling pathway",160,159,0.00890310465013672,0.0895122954013746
"hsa04024","cAMP signaling pathway",219,219,8.57079595812268e-05,0.00455476585203091
"hsa04060","Cytokine-cytokine receptor interaction",274,268,0.034962268275056,0.183182588708744
"hsa04061","Viral protein interaction with cytokine and cytokine receptor",93,91,0.200933005164095,0.472966042484512
"hsa04062","Chemokine signaling pathway",184,183,0.00277937474914736,0.0430803086117841
"hsa04064","NF-kappa B signaling pathway",94,93,0.0892120784234443,0.301233561227493
"hsa04066","HIF-1 signaling pathway",106,104,0.173168090677928,0.438221290695165
"hsa04068","FoxO signaling pathway",129,127,0.0906939754233312,0.301233561227493
"hsa04070","Phosphatidylinositol signaling system",93,92,0.0982575865597576,0.315101915519223
"hsa04071","Sphingolipid signaling pathway",124,121,0.232819361043726,0.485720797995541
"hsa04072","Phospholipase D signaling pathway",145,145,0.00209853198678352,0.0405053968640488
"hsa04080","Neuroactive ligand-receptor interaction",343,341,2.96691024229558e-05,0.00408273883716565
"hsa04081","Hormone signaling",211,208,0.018027891312485,0.127725721353228
"hsa04082","Neuroactive ligand signaling",192,192,0.000268886942148155,0.00909326749810123
"hsa04110","Cell cycle",152,145,0.699917477826414,0.873722489098745
"hsa04114","Oocyte meiosis",119,112,0.866468465192124,0.962167967317821
"hsa04115","p53 signaling pathway",75,72,0.625890161169788,0.828580569235448
"hsa04120","Ubiquitin mediated proteolysis",134,129,0.512000934190923,0.74708295175348
"hsa04122","Sulfur relay system",8,7,0.956305424832948,0.98999006044238
"hsa04130","SNARE interactions in vesicular transport",32,32,0.245154760351121,0.49834738169736
"hsa04136","Autophagy - other",30,29,0.642272444566912,0.84128644147497
"hsa04137","Mitophagy - animal",99,95,0.59175070238409,0.794697694176468
"hsa04140","Autophagy - animal",159,157,0.036098103368263,0.186506867402692
"hsa04141","Protein processing in endoplasmic reticulum",166,157,0.83311831545598,0.946857203549759
"hsa04142","Lysosome biogenesis",239,234,0.0572351890961783,0.23657211493087
"hsa04144","Endocytosis",238,226,0.799642554065299,0.935430912302803
"hsa04145","Phagocytosis",233,229,0.0223899484476688,0.14117052241581
"hsa04146","Peroxisome",81,77,0.734485912231359,0.904730991225383
"hsa04148","Efferocytosis",156,152,0.212902377328685,0.473030108674498
"hsa04150","mTOR signaling pathway",153,150,0.115142858498892,0.342665146892703
"hsa04151","PI3K-Akt signaling pathway",343,339,0.000831533299075844,0.0237946451735549
"hsa04152","AMPK signaling pathway",119,117,0.127256289575696,0.363647838015633
"hsa04156","Integrated stress response (ISR) signaling pathway",51,48,0.83465075865099,0.946857203549759
"hsa04210","Apoptosis",133,131,0.0774600390069104,0.279758587481269
"hsa04211","Longevity regulating pathway",89,88,0.114591268017473,0.342665146892703
"hsa04213","Longevity regulating pathway - multiple species",61,60,0.278784496897128,0.536024634936613
"hsa04215","Apoptosis - multiple species",31,30,0.631698032490184,0.833303787540243
"hsa04216","Ferroptosis",38,37,0.521585667843858,0.754980032832355
"hsa04217","Necroptosis",145,138,0.698283606795675,0.873722489098745
"hsa04218","Cellular senescence",151,148,0.124922688421893,0.363056563226126
"hsa04260","Cardiac muscle contraction",78,78,0.0339004819526557,0.180156846948399
"hsa04261","Adrenergic signaling in cardiomyocytes",148,147,0.0141029170284284,0.119464512026822
"hsa04270","Vascular smooth muscle contraction",131,131,0.00356046273617485,0.0500334221892303
"hsa04310","Wnt signaling pathway",173,172,0.00574356318505999,0.0647456213588581
"hsa04330","Notch signaling pathway",62,62,0.0725087005469342,0.267329399886806
"hsa04340","Hedgehog signaling pathway",56,55,0.325500475729064,0.571808517399371
"hsa04350","TGF-beta signaling pathway",109,107,0.162288651704272,0.417484587818857
"hsa04360","Axon guidance",177,176,0.00517476830776255,0.0601566815777397
"hsa04370","VEGF signaling pathway",60,59,0.275043240549875,0.535686311437453
"hsa04371","Apelin signaling pathway",138,138,0.00270181860479189,0.0430803086117841
"hsa04380","Osteoclast differentiation",127,125,0.0875119665438703,0.301233561227493
"hsa04382","Cornified envelope formation",206,204,0.00382347575927847,0.0500334221892303
"hsa04390","Hippo signaling pathway",155,152,0.112056599524741,0.338902886367509
"hsa04392","Hippo signaling pathway - multiple species",29,29,0.297789505364626,0.556146507556111
"hsa04510","Focal adhesion",196,195,0.00241628796636193,0.0428028154041257
"hsa04512","ECM-receptor interaction",87,87,0.0258737298830202,0.150391054945055
"hsa04514","Cell adhesion molecule (CAM) interaction",138,138,0.00258902124404029,0.0430803086117841
"hsa04517","IgSF CAM signaling",286,285,6.03189791435414e-05,0.00408273883716565
"hsa04518","Integrin signaling",149,149,0.00186435381082547,0.0405053968640488
"hsa04519","Cadherin signaling",393,392,7.11844399333102e-07,0.000264806116551914
"hsa04520","Adherens junction",92,89,0.462977338716509,0.708755432109223
"hsa04530","Tight junction",163,161,0.0315609659670937,0.170154773039983
"hsa04540","Gap junction",88,87,0.111676610322232,0.338902886367509
"hsa04550","Signaling pathways regulating pluripotency of stem cells",140,139,0.0191595491910731,0.127725721353228
"hsa04610","Complement and coagulation cascades",79,78,0.133032750867754,0.374910479718217
"hsa04611","Platelet activation",125,125,0.00491643809512082,0.0589972571414498
"hsa04612","Antigen processing and presentation",62,60,0.47980868659587,0.71739585298794
"hsa04613","Neutrophil extracellular trap formation",168,161,0.523773615730294,0.755208469192517
"hsa04614","Renin-angiotensin system",20,19,0.778703314112829,0.927748845341718
"hsa04620","Toll-like receptor signaling pathway",98,97,0.0668196715958751,0.262259059750152
"hsa04621","NOD-like receptor signaling pathway",168,164,0.137925406842532,0.37720842316708
"hsa04622","RIG-I-like receptor signaling pathway",65,62,0.680911197406284,0.858640560797077
"hsa04623","Cytosolic DNA-sensing pathway",76,73,0.554337741102555,0.763754221074631
"hsa04625","C-type lectin receptor signaling pathway",104,102,0.181261436054138,0.443613514553549
"hsa04630","JAK-STAT signaling pathway",153,149,0.200363298289962,0.472966042484512
"hsa04640","Hematopoietic cell lineage",89,88,0.0957657066187892,0.309781242279909
"hsa04650","Natural killer cell mediated cytotoxicity",113,109,0.427513748149404,0.683010660175013
"hsa04657","IL-17 signaling pathway",90,90,0.0191460653380945,0.127725721353228
"hsa04658","Th1 and Th2 cell differentiation",85,84,0.123558131200074,0.361918305562422
"hsa04659","Th17 cell differentiation",100,99,0.0724364561238043,0.267329399886806
"hsa04660","T cell receptor signaling pathway",118,116,0.121509524132351,0.358742404581228
"hsa04662","B cell receptor signaling pathway",78,76,0.343557839004238,0.591682944951743
"hsa04664","Fc epsilon RI signaling pathway",67,67,0.0552596889242798,0.230973081795866
"hsa04666","Fc gamma R-mediated phagosome formation",94,93,0.0903959027544569,0.301233561227493
"hsa04668","TNF signaling pathway",115,113,0.135508748142136,0.37720842316708
"hsa04670","Leukocyte transendothelial migration",109,108,0.0548892905798009,0.230973081795866
"hsa04672","Intestinal immune network for IgA production",40,38,0.741264896773626,0.91006779405871
"hsa04710","Circadian rhythm",34,34,0.237900588494275,0.488944855910885
"hsa04713","Circadian entrainment",96,96,0.0173392615884153,0.127725721353228
"hsa04714","Thermogenesis",213,206,0.313326215364823,0.568572449344947
"hsa04720","Long-term potentiation",64,63,0.251037923984085,0.502075847968169
"hsa04721","Synaptic vesicle cycle",78,76,0.354961958524952,0.600208402596737
"hsa04722","Neurotrophin signaling pathway",115,114,0.045723015404081,0.204927249762869
"hsa04723","Retrograde endocannabinoid signaling",134,131,0.17873758451601,0.443269209599705
"hsa04724","Glutamatergic synapse",115,114,0.0452664959758142,0.204927249762869
"hsa04725","Cholinergic synapse",112,112,0.00863031746556848,0.0895122954013746
"hsa04726","Serotonergic synapse",108,108,0.00870074053353306,0.0895122954013746
"hsa04727","GABAergic synapse",84,84,0.0273875512784367,0.154366198114825
"hsa04728","Dopaminergic synapse",129,128,0.0268680636947278,0.153767995299057
"hsa04730","Long-term depression",58,58,0.0837419662560645,0.293886900445811
"hsa04740","Olfactory transduction",337,332,0.000266686006642944,0.00909326749810123
"hsa04742","Taste transduction",83,83,0.0235577891447223,0.143663894456339
"hsa04744","Phototransduction",27,27,0.302981060187541,0.557965120741411
"hsa04750","Inflammatory mediator regulation of TRP channels",98,98,0.0157255770435336,0.127172057830316
"hsa04810","Regulation of actin cytoskeleton",222,218,0.0423264528443298,0.202749154526733
"hsa04814","Motor proteins",192,188,0.088370832002691,0.301233561227493
"hsa04820","Cytoskeleton in muscle cells",225,225,6.58506264058975e-05,0.00408273883716565
"hsa04910","Insulin signaling pathway",132,132,0.00367982929501415,0.0500334221892303
"hsa04911","Insulin secretion",83,83,0.0296226987886864,0.16447229775211
"hsa04912","GnRH signaling pathway",91,91,0.02023337269541,0.13204937969636
"hsa04913","Ovarian steroidogenesis",51,51,0.104269630844076,0.328714429440646
"hsa04914","Progesterone-mediated oocyte maturation",91,86,0.818946321386407,0.941968877529487
"hsa04915","Estrogen signaling pathway",137,136,0.0192275279456472,0.127725721353228
"hsa04916","Melanogenesis",101,101,0.0141302110999467,0.119464512026822
"hsa04917","Prolactin signaling pathway",71,71,0.0479117731750977,0.209684466131016
"hsa04918","Thyroid hormone synthesis",73,73,0.0436019687154265,0.202749154526733
"hsa04919","Thyroid hormone signaling pathway",118,117,0.0424318197713328,0.202749154526733
"hsa04920","Adipocytokine signaling pathway",67,66,0.229276447943031,0.485720797995541
"hsa04921","Oxytocin signaling pathway",151,150,0.0123689921299585,0.11460116680099
"hsa04922","Glucagon signaling pathway",99,97,0.207178119209767,0.472966042484512
"hsa04923","Regulation of lipolysis in adipocytes",57,57,0.0866474501640394,0.301233561227493
"hsa04924","Renin secretion",68,67,0.216169673318991,0.473030108674498
"hsa04925","Aldosterone synthesis and secretion",94,94,0.0186792072370096,0.127725721353228
"hsa04926","Relaxin signaling pathway",126,126,0.00460693894958091,0.0571260429748033
"hsa04927","Cortisol synthesis and secretion",62,62,0.0727080289770751,0.267329399886806
"hsa04928","Parathyroid hormone synthesis, secretion and action",113,113,0.00872918437554229,0.0895122954013746
"hsa04929","GnRH secretion",63,63,0.0676797573548781,0.262259059750152
"hsa04930","Type II diabetes mellitus",46,46,0.146851755125505,0.395861252947013
"hsa04931","Insulin resistance",106,106,0.0111066255702791,0.108728018740627
"hsa04932","Non-alcoholic fatty liver disease",149,145,0.234636282372333,0.485720797995541
"hsa04933","AGE-RAGE signaling pathway in diabetic complications",96,96,0.0173775010408714,0.127725721353228
"hsa04934","Cushing syndrome",153,152,0.0119592026086152,0.114072394112945
"hsa04935","Growth hormone synthesis, secretion and action",117,116,0.0431495951763999,0.202749154526733
"hsa04936","Alcoholic liver disease",134,132,0.0672563223692597,0.262259059750152
"hsa04940","Type I diabetes mellitus",35,34,0.542196921765736,0.761121716591901
"hsa04950","Maturity onset diabetes of the young",26,26,0.325470661805438,0.571808517399371
"hsa04960","Aldosterone-regulated sodium reabsorption",37,37,0.207240497110149,0.472966042484512
"hsa04961","Endocrine and other factor-regulated calcium reabsorption",51,50,0.368842422208962,0.618060275052856
"hsa04962","Vasopressin-regulated water reabsorption",43,43,0.158826147921278,0.41317011906794
"hsa04964","Proximal tubule bicarbonate reclamation",21,21,0.406261032122406,0.65867237587559
"hsa04966","Collecting duct acid secretion",27,27,0.305227316413778,0.559332816285347
"hsa04970","Salivary secretion",87,87,0.0213668291903509,0.13704242170363
"hsa04971","Gastric acid secretion",75,75,0.0420720481972372,0.202749154526733
"hsa04972","Pancreatic secretion",94,94,0.0151191717628997,0.124985153239971
"hsa04973","Carbohydrate digestion and absorption",43,43,0.155970982713532,0.408600039221366
"hsa04974","Protein digestion and absorption",94,92,0.222256520591545,0.480694335232875
"hsa04975","Fat digestion and absorption",42,42,0.150602975101997,0.402941500434607
"hsa04976","Bile secretion",87,84,0.453244614691313,0.699614094046342
"hsa04977","Vitamin digestion and absorption",25,25,0.340510180443736,0.591347001316403
"hsa04978","Mineral absorption",55,53,0.582083622187236,0.790274114794349
"hsa04979","Cholesterol metabolism",52,49,0.82119216677579,0.941968877529487
"hsa04980","Cobalamin transport and metabolism",17,17,0.480192385467734,0.71739585298794
"hsa04981","Folate transport and metabolism",31,31,0.244928073475606,0.49834738169736
"hsa05010","Alzheimer disease",361,347,0.438972192071918,0.691939218011667
"hsa05012","Parkinson disease",246,232,0.896494096298077,0.983763433105854
"hsa05014","Amyotrophic lateral sclerosis",343,320,0.987617425722922,0.999999403789894
"hsa05016","Huntington disease",286,269,0.937812181416112,0.98999006044238
"hsa05017","Spinocerebellar ataxia",140,132,0.874615801949467,0.965451270994663
"hsa05020","Prion disease",253,239,0.874293872779429,0.965451270994663
"hsa05022","Pathways of neurodegeneration - multiple diseases",450,433,0.377610779290018,0.627103615606636
"hsa05030","Cocaine addiction",47,47,0.13891815584379,0.37720842316708
"hsa05031","Amphetamine addiction",66,65,0.235026192578488,0.485720797995541
"hsa05032","Morphine addiction",88,88,0.024087558489235,0.14452535093541
"hsa05033","Nicotine addiction",36,36,0.218708649850586,0.475787238271451
"hsa05034","Alcoholism",170,163,0.530621573078439,0.756288219100304
"hsa05100","Bacterial invasion of epithelial cells",77,74,0.599384492362921,0.799179323150561
"hsa05110","Vibrio cholerae infection",49,47,0.659875857765473,0.843552642916687
"hsa05120","Epithelial cell signaling in Helicobacter pylori infection",68,67,0.210673848120472,0.473030108674498
"hsa05130","Pathogenic Escherichia coli infection",191,185,0.299338595799568,0.556146507556111
"hsa05131","Shigellosis",237,229,0.332207735336042,0.580193791291116
"hsa05132","Salmonella infection",239,232,0.198761033664878,0.472966042484512
"hsa05133","Pertussis",74,73,0.168947906347415,0.430470007953687
"hsa05134","Legionellosis",55,53,0.587975004192468,0.792860662824944
"hsa05135","Yersinia infection",132,130,0.0806972904997333,0.285898972056198
"hsa05140","Leishmaniasis",66,65,0.215724307594576,0.473030108674498
"hsa05142","Chagas disease",100,99,0.0721172172982875,0.267329399886806
"hsa05143","African trypanosomiasis",36,36,0.200396178466279,0.472966042484512
"hsa05144","Malaria",47,46,0.386084105325317,0.635501270712468
"hsa05145","Toxoplasmosis",102,100,0.198926814601857,0.472966042484512
"hsa05146","Amoebiasis",99,98,0.0732999967431565,0.267329399886806
"hsa05150","Staphylococcus aureus infection",77,77,0.0256860079812633,0.150391054945055
"hsa05152","Tuberculosis",164,159,0.285243320002542,0.541380178780334
"hsa05160","Hepatitis C",148,146,0.0463830650142399,0.205410716491634
"hsa05161","Hepatitis B",153,150,0.10919921342354,0.337520801933839
"hsa05162","Measles",124,120,0.384422346939683,0.635501270712468
"hsa05163","Human cytomegalovirus infection",215,213,0.00390045495561204,0.0500334221892303
"hsa05164","Influenza A",152,148,0.202535531405205,0.472966042484512
"hsa05165","Human papillomavirus infection",318,316,0.000120675459348388,0.00561140885970003
"hsa05166","Human T-cell leukemia virus 1 infection",209,204,0.127728387191104,0.363647838015633
"hsa05167","Kaposi sarcoma-associated herpesvirus infection",187,183,0.0949086519306835,0.309701916826441
"hsa05168","Herpes simplex virus 1 infection",160,155,0.31331072952565,0.568572449344947
"hsa05169","Epstein-Barr virus infection",187,181,0.31935904069069,0.571808517399371
"hsa05170","Human immunodeficiency virus 1 infection",200,195,0.137287104374018,0.37720842316708
"hsa05171","Coronavirus disease",216,196,0.999410786988624,0.999999403789894
"hsa05200","Pathways in cancer",509,503,5.63701766305087e-05,0.00408273883716565
"hsa05202","Transcriptional misregulation in cancer",180,178,0.0179297110938391,0.127725721353228
"hsa05203","Viral carcinogenesis",189,182,0.448689663055436,0.698378889776662
"hsa05204","Chemical carcinogenesis - DNA adducts",60,57,0.647358885188039,0.841516513886555
"hsa05205","Proteoglycans in cancer",198,198,0.000227255739510028,0.00909326749810123
"hsa05206","MicroRNAs in cancer",305,288,0.839953970890915,0.946857203549759
"hsa05207","Chemical carcinogenesis - receptor activation",201,194,0.350057407874509,0.597345668483107
"hsa05208","Chemical carcinogenesis - reactive oxygen species",198,192,0.248999053527,0.502075847968169
"hsa05210","Colorectal cancer",86,83,0.521466668380506,0.754980032832355
"hsa05211","Renal cell carcinoma",67,66,0.227522276286659,0.485720797995541
"hsa05212","Pancreatic cancer",74,74,0.0449911245599373,0.204927249762869
"hsa05213","Endometrial cancer",57,57,0.0916164585160808,0.301604624495417
"hsa05214","Glioma",75,75,0.0425979892176242,0.202749154526733
"hsa05215","Prostate cancer",103,103,0.0126307737603241,0.11460116680099
"hsa05216","Thyroid cancer",37,37,0.211619022766158,0.473030108674498
"hsa05217","Basal cell carcinoma",63,63,0.0715278252916697,0.267329399886806
"hsa05218","Melanoma",71,71,0.050290123170301,0.215033630107494
"hsa05219","Bladder cancer",40,39,0.503087240425687,0.742652593009348
"hsa05220","Chronic myeloid leukemia",75,75,0.0428180376930879,0.202749154526733
"hsa05221","Acute myeloid leukemia",65,65,0.063416436555526,0.253665746222104
"hsa05222","Small cell lung cancer",89,86,0.502757004389309,0.742652593009348
"hsa05223","Non-small cell lung cancer",72,72,0.0491658265777763,0.212670784731777
"hsa05224","Breast cancer",146,146,0.00217770950881983,0.0405053968640488
"hsa05225","Hepatocellular carcinoma",163,163,0.000953899647277554,0.0253464763419464
"hsa05226","Gastric cancer",148,148,0.00196810002836022,0.0405053968640488
"hsa05230","Central carbon metabolism in cancer",68,66,0.451641314126134,0.699614094046342
"hsa05231","Choline metabolism in cancer",96,93,0.42970908908232,0.683010660175013
"hsa05235","PD-L1 expression and PD-1 checkpoint pathway in cancer",89,88,0.108501941160978,0.337520801933839
"hsa05310","Asthma",24,24,0.325869370130824,0.571808517399371
"hsa05320","Autoimmune thyroid disease",39,39,0.151644650701196,0.402941500434607
"hsa05321","Inflammatory bowel disease",58,58,0.079381239284935,0.283940586673037
"hsa05322","Systemic lupus erythematosus",116,108,0.912012784500649,0.984919589961158
"hsa05323","Rheumatoid arthritis",85,83,0.278083681442464,0.536024634936613
"hsa05330","Allograft rejection",28,28,0.27953972897232,0.536024634936613
"hsa05332","Graft-versus-host disease",31,31,0.233280587841567,0.485720797995541
"hsa05340","Primary immunodeficiency",33,33,0.229030619689097,0.485720797995541
"hsa05410","Hypertrophic cardiomyopathy",96,96,0.0169701636621894,0.127725721353228
"hsa05412","Arrhythmogenic right ventricular cardiomyopathy",83,83,0.0301824488000072,0.165115749317686
"hsa05414","Dilated cardiomyopathy",101,101,0.0138718955986881,0.119464512026822
"hsa05415","Diabetic cardiomyopathy",180,174,0.353860903629666,0.600208402596737
"hsa05416","Viral myocarditis",58,57,0.287973528603042,0.543787576854475
"hsa05417","Lipid and atherosclerosis",204,200,0.0589743746684593,0.241082059084251
"hsa05418","Fluid shear stress and atherosclerosis",134,134,0.00300614065204152,0.0447313729023779
